Epoch,Loss
1,0.00019030158736496727
2,0.00019030158736496727
3,0.00019030158736496727
4,0.00019030158736496727
5,0.00019030158736496727
6,0.00019030158736496727
7,0.00019030158736496727
